w,h,aisle,n_agents,n_tasks,dyn_density,n_breaks,n_emerg,mean_dur,perm_break,n_stations,neg_radius,mode,max_time,seed,completed,survivors_completed,n_done,fail_reasons,sum_time,makespan,initial_sum,n_events,n_impactful,avg_changed,avg_changed_impactful,max_changed,repair_failures,collisions,repair_cpu,plans_called,wall,levels
20,20,2,5,2,0.0,2,2,10,False,,8,local,400,0,True,True,5,{},449,142,365,4,2,1.0,1.0,1,0,0,0.012743400000090332,4,0.10004734992980957,{1: 4}
20,20,2,5,2,0.0,2,2,10,False,,8,local,400,1,True,True,5,{},332,91,291,3,1,1.0,1.0,1,0,0,0.011729100000138715,3,0.09366321563720703,{1: 3}
20,20,2,5,2,0.0,2,2,10,False,,8,local,400,2,True,True,5,{},293,74,273,2,1,1.0,1.0,1,0,0,0.009822199999689474,2,0.07753443717956543,{1: 2}
20,20,2,5,2,0.0,2,2,10,False,,8,local,400,3,True,True,5,{},378,120,358,3,2,0.6666666666666666,0.5,1,0,0,0.010720599999785918,3,0.08502840995788574,{1: 3}
20,20,2,5,2,0.03,2,2,10,False,,8,local,400,0,True,True,5,{},426,100,365,91,9,0.13186813186813187,1.1111111111111112,2,0,0,0.0753938000002563,12,0.1613936424255371,{1: 11}
20,20,2,5,2,0.03,2,2,10,False,,8,local,400,1,True,True,5,{},359,96,291,74,10,0.16216216216216217,1.1,2,0,0,0.04462940000121307,12,0.13965606689453125,{1: 11}
20,20,2,5,2,0.03,2,2,10,False,,8,local,400,2,True,True,5,{},359,129,273,61,6,0.13114754098360656,1.0,1,0,0,0.05343280000442974,8,0.14430689811706543,{1: 8}
20,20,2,5,2,0.03,2,2,10,False,,8,local,400,3,True,True,5,{},429,125,358,97,11,0.13402061855670103,1.0,1,0,0,0.07371400000101858,13,0.15300679206848145,{1: 13}
20,20,2,5,2,0.06,2,2,10,False,,8,local,400,0,True,True,5,{},447,114,365,182,21,0.13186813186813187,1.0952380952380953,2,0,0,0.0612791999988076,24,0.15931177139282227,{1: 23}
20,20,2,5,2,0.06,2,2,10,False,,8,local,400,1,True,True,5,{},374,106,291,145,16,0.12413793103448276,1.125,2,0,0,0.04259610000144676,18,0.12842798233032227,{1: 17}
20,20,2,5,2,0.06,2,2,10,False,,8,local,400,2,True,True,5,{},323,78,273,118,9,0.09322033898305085,1.1111111111111112,2,0,0,0.06751239999903191,11,0.15845513343811035,{1: 11}
20,20,2,5,2,0.06,2,2,10,False,,8,local,400,3,True,True,5,{},400,125,358,194,21,0.12886597938144329,1.0952380952380953,2,0,0,0.14796459999934086,25,0.22905635833740234,{1: 23}
20,20,2,10,2,0.0,2,2,10,False,,8,local,400,0,True,True,10,{},676,108,608,4,3,1.25,1.3333333333333333,2,0,0,0.018633499999396008,5,0.16910767555236816,{1: 5}
20,20,2,10,2,0.0,2,2,10,False,,8,local,400,1,True,True,10,{},683,80,658,2,1,1.5,2.0,2,0,0,0.004849499999181717,3,0.3015124797821045,{1: 3}
20,20,2,10,2,0.0,2,2,10,False,,8,local,400,2,True,True,10,{},699,88,657,3,2,1.0,1.0,1,0,0,0.008584700000028533,3,0.18164348602294922,{1: 3}
20,20,2,10,2,0.0,2,2,10,False,,8,local,400,3,True,True,10,{},705,103,652,3,1,1.0,1.0,1,0,0,0.00874569999950836,3,0.2162306308746338,{1: 3}
20,20,2,10,2,0.03,2,2,10,False,,8,local,400,0,True,True,10,{},647,86,608,69,11,0.2028985507246377,1.1818181818181819,2,0,0,0.0421862000002875,14,0.21495485305786133,{1: 12}
20,20,2,10,2,0.03,2,2,10,False,,8,local,400,1,True,True,10,{},725,99,658,73,18,0.3150684931506849,1.2222222222222223,2,0,0,0.06906589999880453,23,0.2702479362487793,{1: 20}
20,20,2,10,2,0.03,2,2,10,False,,8,local,400,2,True,True,10,{},700,100,657,81,17,0.24691358024691357,1.1176470588235294,2,0,0,0.07062140000198269,21,0.2543957233428955,{1: 18}
20,20,2,10,2,0.03,2,2,10,False,,8,local,400,3,True,True,10,{},698,100,652,77,14,0.23376623376623376,1.2142857142857142,2,0,0,0.0717147999998815,18,0.28444957733154297,{1: 15}
20,20,2,10,2,0.06,2,2,10,False,,8,local,400,0,True,True,10,{},712,96,608,134,28,0.2462686567164179,1.1428571428571428,2,0,0,0.11686810000173864,33,0.3704493045806885,{1: 29}
20,20,2,10,2,0.06,2,2,10,False,,8,local,400,1,True,True,10,{},792,95,658,143,34,0.27972027972027974,1.1176470588235294,2,0,0,0.16317690000187213,40,0.3751046657562256,{1: 36}
20,20,2,10,2,0.06,2,2,10,False,,8,local,400,2,True,True,10,{},729,125,657,158,24,0.189873417721519,1.2083333333333333,2,0,0,0.0924415999984376,30,0.35457468032836914,{1: 25}
20,20,2,10,2,0.06,2,2,10,False,,8,local,400,3,True,True,10,{},696,87,652,145,27,0.20689655172413793,1.0740740740740742,2,0,0,0.11180629999716984,31,0.3319981098175049,{1: 28}
20,20,2,20,2,0.0,2,2,10,False,,8,local,400,0,True,True,20,{},1384,85,1344,4,2,1.0,1.0,1,0,0,0.031891600000108156,4,0.4073810577392578,{1: 4}
20,20,2,20,2,0.0,2,2,10,False,,8,local,400,1,True,True,20,{},1333,119,1272,3,2,1.6666666666666667,2.0,3,0,0,0.010987000000113767,5,0.4347844123840332,{1: 4}
20,20,2,20,2,0.0,2,2,10,False,,8,local,400,2,True,True,20,{},1207,81,1196,2,2,1.5,1.5,2,0,0,0.009404200000062701,3,0.4334523677825928,{1: 3}
20,20,2,20,2,0.0,2,2,10,False,,8,local,400,3,True,True,20,{},1350,85,1336,2,1,1.0,1.0,1,0,0,0.009217100000114442,2,0.5355050563812256,{1: 2}
20,20,2,20,2,0.03,2,2,10,False,,8,local,400,0,True,True,20,{},1447,105,1344,75,26,0.48,1.3461538461538463,4,0,0,0.16032690000065486,44,0.6557800769805908,"{1: 27, 2: 1}"
20,20,2,20,2,0.03,2,2,10,False,,8,local,400,1,True,True,20,{},1335,91,1272,73,19,0.3561643835616438,1.368421052631579,3,0,0,0.10431560000006357,26,0.6077396869659424,{1: 20}
20,20,2,20,2,0.03,2,2,10,False,,8,local,400,2,True,True,20,{},1303,95,1196,74,19,0.3918918918918919,1.4736842105263157,4,0,0,0.14377059999742414,29,0.5661506652832031,{1: 21}
20,20,2,20,2,0.03,2,2,10,False,,8,local,400,3,True,True,20,{},1408,93,1336,80,30,0.4625,1.2333333333333334,4,0,0,0.17969779999839375,37,0.581474781036377,{1: 32}
20,20,2,20,2,0.06,2,2,10,False,,8,local,400,0,True,True,20,{},1451,100,1344,148,58,0.5135135135135135,1.293103448275862,3,0,0,0.280736800001705,76,0.7896728515625,{1: 60}
20,20,2,20,2,0.06,2,2,10,False,,8,local,400,1,True,True,20,{},1346,109,1272,149,39,0.3221476510067114,1.205128205128205,3,0,0,0.19197379999832265,48,0.9597494602203369,{1: 41}
20,20,2,20,2,0.06,2,2,10,False,,8,local,400,2,True,True,20,{},1291,81,1196,142,35,0.31690140845070425,1.2571428571428571,3,0,0,0.16666439999880822,45,0.5897328853607178,{1: 37}
20,20,2,20,2,0.06,2,2,10,False,,8,local,400,3,True,True,20,{},1430,97,1336,149,46,0.4161073825503356,1.326086956521739,4,0,0,0.2125037999971937,62,0.9029874801635742,{1: 48}
20,20,2,5,2,0.0,2,2,10,False,,8,full,400,0,True,True,5,{},450,142,365,4,2,2.25,3.5,4,0,0,0.0913314000003993,20,0.2339637279510498,{1: 4}
20,20,2,5,2,0.0,2,2,10,False,,8,full,400,1,True,True,5,{},332,91,291,3,1,1.6666666666666667,3.0,3,0,0,0.02162819999966814,14,0.10863995552062988,{1: 3}
20,20,2,5,2,0.0,2,2,10,False,,8,full,400,2,True,True,5,{},293,74,273,2,1,1.0,1.0,1,0,0,0.03639149999980873,10,0.1647346019744873,{1: 2}
20,20,2,5,2,0.0,2,2,10,False,,8,full,400,3,True,True,5,{},378,120,358,3,2,2.3333333333333335,3.0,4,0,0,0.023955000000114524,15,0.11943840980529785,{1: 3}
20,20,2,5,2,0.03,2,2,10,False,,8,full,400,0,True,True,5,{},426,100,365,91,9,0.15384615384615385,1.3333333333333333,2,0,0,0.13771659999520125,51,0.2285747528076172,{1: 11}
20,20,2,5,2,0.03,2,2,10,False,,8,full,400,1,True,True,5,{},381,96,291,74,9,0.24324324324324326,1.8888888888888888,3,0,0,0.11440369999809263,50,0.351515531539917,{1: 10}
20,20,2,5,2,0.03,2,2,10,False,,8,full,400,2,True,True,5,{},359,129,273,61,6,0.18032786885245902,1.5,3,0,0,0.07939149999901929,39,0.5136137008666992,{1: 8}
20,20,2,5,2,0.03,2,2,10,False,,8,full,400,3,True,True,5,{},433,127,358,97,13,0.2268041237113402,1.5384615384615385,4,0,0,0.17150669999728052,75,0.27704524993896484,{1: 15}
20,20,2,5,2,0.06,2,2,10,False,,8,full,400,0,True,True,5,{},442,110,365,183,25,0.25136612021857924,1.76,3,0,0,0.29486899999665184,133,0.5575778484344482,{1: 27}
20,20,2,5,2,0.06,2,2,10,False,,8,full,400,1,True,True,5,{},364,96,291,143,15,0.15384615384615385,1.4,3,0,0,0.2283921000043847,79,0.31760358810424805,{1: 16}
20,20,2,5,2,0.06,2,2,10,False,,8,full,400,2,True,True,5,{},323,78,273,118,9,0.1016949152542373,1.2222222222222223,2,0,0,0.1354075000008379,53,0.23930120468139648,{1: 11}
20,20,2,5,2,0.06,2,2,10,False,,8,full,400,3,True,True,5,{},399,125,358,194,21,0.17525773195876287,1.5238095238095237,3,0,0,0.2517753000038283,114,0.3208301067352295,{1: 23}
20,20,2,10,2,0.0,2,2,10,False,,8,full,400,0,True,True,10,{},672,108,608,4,3,2.75,3.3333333333333335,6,0,0,0.08262870000044131,48,0.3208463191986084,{1: 5}
20,20,2,10,2,0.0,2,2,10,False,,8,full,400,1,True,True,10,{},683,80,658,2,1,3.0,5.0,5,0,0,0.0343086999996558,27,0.2350142002105713,{1: 3}
20,20,2,10,2,0.0,2,2,10,False,,8,full,400,2,True,True,10,{},699,88,657,3,2,2.0,2.5,3,0,0,0.05140540000047622,30,0.238800048828125,{1: 3}
20,20,2,10,2,0.0,2,2,10,False,,8,full,400,3,True,True,10,{},705,103,652,3,1,1.6666666666666667,3.0,3,0,0,0.033635299999787094,30,0.21513605117797852,{1: 3}
20,20,2,10,2,0.03,2,2,10,False,,8,full,400,0,True,True,10,{},645,86,608,69,12,0.4057971014492754,2.25,4,0,0,0.2855168000010053,129,0.44759678840637207,{1: 13}
20,20,2,10,2,0.03,2,2,10,False,,8,full,400,1,True,True,10,{},725,99,658,73,18,0.5616438356164384,2.2222222222222223,6,0,0,0.343660199999249,195,0.5107150077819824,{1: 20}
20,20,2,10,2,0.03,2,2,10,False,,8,full,400,2,True,True,10,{},703,96,657,81,16,0.48148148148148145,2.4375,6,0,0,0.26661960000319596,166,0.4437747001647949,{1: 17}
20,20,2,10,2,0.03,2,2,10,False,,8,full,400,3,True,True,10,{},699,105,652,76,14,0.5,2.642857142857143,7,0,0,0.2752536000029977,150,0.4442451000213623,{1: 15}
20,20,2,10,2,0.06,2,2,10,False,,8,full,400,0,True,True,10,{},713,98,608,133,27,0.47368421052631576,2.2962962962962963,7,0,0,0.5194611999986591,274,0.7021033763885498,{1: 28}
20,20,2,10,2,0.06,2,2,10,False,,8,full,400,1,True,True,10,{},787,95,658,143,37,0.5314685314685315,2.0,7,0,0,0.6241209999984676,380,0.7772352695465088,{1: 39}
20,20,2,10,2,0.06,2,2,10,False,,8,full,400,2,True,True,10,{},732,125,657,161,27,0.4968944099378882,2.925925925925926,9,0,0,0.48345709999648534,280,0.6524243354797363,{1: 28}
20,20,2,10,2,0.06,2,2,10,False,,8,full,400,3,True,True,10,{},711,89,652,147,27,0.46258503401360546,2.4444444444444446,6,0,0,0.3400112999988778,286,0.5066890716552734,{1: 29}
20,20,2,20,2,0.0,2,2,10,False,,8,full,400,0,True,True,20,{},1396,83,1344,4,3,6.25,8.0,10,0,0,0.22934629999963363,98,0.5759456157684326,{1: 5}
20,20,2,20,2,0.0,2,2,10,False,,8,full,400,1,True,True,20,{},1332,119,1272,3,2,9.333333333333334,13.5,17,0,0,0.06781110000019908,78,0.44140028953552246,{1: 4}
20,20,2,20,2,0.0,2,2,10,False,,8,full,400,2,True,True,20,{},1208,81,1196,2,2,4.5,4.5,8,0,0,0.1377096999999594,59,0.4696826934814453,{1: 3}
20,20,2,20,2,0.0,2,2,10,False,,8,full,400,3,True,True,20,{},1355,85,1336,2,1,3.0,5.0,5,0,0,0.05255219999980909,40,0.37580132484436035,{1: 2}
20,20,2,20,2,0.03,2,2,10,False,,8,full,400,0,True,True,20,{},1459,105,1344,75,26,1.04,2.923076923076923,11,0,0,1.0070192000011957,548,1.428194522857666,{1: 28}
20,20,2,20,2,0.03,2,2,10,False,,8,full,400,1,True,True,20,{},1323,88,1272,73,17,1.0,4.235294117647059,7,0,0,0.5477232999992339,359,0.8319141864776611,{1: 18}
20,20,2,20,2,0.03,2,2,10,False,,8,full,400,2,True,True,20,{},1280,88,1196,72,19,1.1805555555555556,4.421052631578948,14,0,0,0.6534571999986838,410,1.0181632041931152,{1: 21}
20,20,2,20,2,0.03,2,2,10,False,,8,full,400,3,True,True,20,{},1430,95,1336,77,27,1.7792207792207793,5.074074074074074,14,0,0,0.9302136999995128,570,1.2106680870056152,{1: 29}
20,20,2,20,2,0.06,2,2,10,False,,8,full,400,0,True,True,20,{},1478,100,1344,150,56,1.1533333333333333,3.0714285714285716,12,0,0,1.645994000002247,1149,1.9568583965301514,{1: 58}
20,20,2,20,2,0.06,2,2,10,False,,8,full,400,1,True,True,20,{},1324,106,1272,145,36,1.4413793103448276,5.777777777777778,19,0,0,0.43551000000252316,752,0.5700869560241699,{1: 38}
20,20,2,20,2,0.06,2,2,10,False,,8,full,400,2,True,True,20,{},1266,81,1196,140,33,1.1285714285714286,4.7272727272727275,15,0,0,0.7923186999983045,696,1.0719504356384277,{1: 35}
20,20,2,20,2,0.06,2,2,10,False,,8,full,400,3,True,True,20,{},1439,92,1336,145,36,1.0689655172413792,4.277777777777778,16,0,0,0.8189782999984345,751,1.0841610431671143,{1: 38}
