setting,runs,completed,survivors_completed,agents_done,avg_changed,collisions,reasons
"baseline (20 agents, 3% obstacles)",10,10,10,1.0,1.35,0,{}
"very high agent density (12x12, 20 agents)",10,8,8,0.94,1.82,0,"{'initial_plan': 2, 'stuck': 10}"
"very high agent count (35 agents, 20x20)",10,8,8,0.99,1.62,0,{'stuck': 2}
narrow 1-wide aisles (20 agents),10,4,4,0.94,1.45,0,"{'stuck': 7, 'initial_plan': 5}"
very high obstacle density (12%),10,9,9,0.99,1.19,0,{'stuck': 1}
shared delivery stations (only 3),10,0,0,0.16,0.6,0,"{'initial_plan': 121, 'stuck': 5}"
permanent breakdowns (3 robots),10,0,8,0.85,2.29,0,"{'permanent_breakdown': 20, 'stuck': 2}"
many simultaneous emergencies (10),10,9,9,0.99,0.96,0,{'stuck': 1}
"no negotiation radius (r=0), 8% obstacles",10,8,8,0.99,1.25,0,{'stuck': 2}
"small negotiation radius (r=2), 8% obstacles",10,8,8,0.99,1.24,0,{'stuck': 2}
